omega_1	Veff(v,T)	T
97	1.38857348479875e+18	165.989
97.02500000000001	1.38857348479875e+18	165.989
97.05	1.38857348479875e+18	165.989
97.075	1.38857348479875e+18	165.989
97.09999999999999	1.38857348479875e+18	165.989
97.125	1.388573484798749e+18	165.989
97.15000000000001	1.38857348479875e+18	165.989
97.175	1.38857348479875e+18	165.989
97.2	1.388573484798749e+18	165.989
97.22499999999999	1.38857348479875e+18	165.989
97.25	1.388573484798749e+18	165.989
97.27500000000001	1.38857348479875e+18	165.989
97.3	1.388573484798749e+18	165.989
97.325	1.388573484798749e+18	165.989
97.34999999999999	1.388573484798749e+18	165.989
97.375	1.388573484798749e+18	165.989
97.40000000000001	1.388573484798749e+18	165.989
97.425	1.388573484798749e+18	165.989
97.45	1.388573484798748e+18	165.989
97.47499999999999	1.388573484798749e+18	165.989
97.5	1.388573484798748e+18	165.989
97.52500000000001	1.388573484798748e+18	165.989
97.55	1.388573484798748e+18	165.989
97.575	1.388573484798749e+18	165.989
97.59999999999999	1.388573484798748e+18	165.989
97.625	1.388573484798749e+18	165.989
97.65000000000001	1.388573484798748e+18	165.989
97.675	1.388573484798748e+18	165.989
97.7	1.388573484798749e+18	165.989
97.72499999999999	1.388573484798748e+18	165.989
97.75	1.388573484798748e+18	165.989
97.77500000000001	1.388573484798748e+18	165.989
97.8	1.388573484798748e+18	165.989
97.825	1.388573484798748e+18	165.989
97.84999999999999	1.388573484798748e+18	165.989
97.875	1.388573484798748e+18	165.989
97.90000000000001	1.388573484798747e+18	165.989
97.925	1.388573484798747e+18	165.989
97.95	1.388573484798747e+18	165.989
97.97499999999999	1.388573484798747e+18	165.989
98	1.388573484798747e+18	165.989
98.02500000000001	1.388573484798747e+18	165.989
98.05	1.388573484798746e+18	165.989
98.075	1.388573484798747e+18	165.989
98.09999999999999	1.388573484798748e+18	165.989
98.125	1.388573484798746e+18	165.989
98.15000000000001	1.388573484798747e+18	165.989
98.175	1.388573484798747e+18	165.989
98.2	1.388573484798746e+18	165.989
98.22499999999999	1.388573484798747e+18	165.989
98.25	1.388573484798747e+18	165.989
98.27500000000001	1.388573484798746e+18	165.989
98.3	1.388573484798747e+18	165.989
98.325	1.388573484798747e+18	165.989
98.34999999999999	1.388573484798746e+18	165.989
98.375	1.388573484798747e+18	165.989
98.40000000000001	1.388573484798746e+18	165.989
98.425	1.388573484798746e+18	165.989
98.45	1.388573484798747e+18	165.989
98.47499999999999	1.388573484798747e+18	165.989
98.5	1.388573484798747e+18	165.989
98.52500000000001	1.388573484798747e+18	165.989
98.55	1.388573484798746e+18	165.989
98.575	1.388573484798746e+18	165.989
98.59999999999999	1.388573484798746e+18	165.989
98.625	1.388573484798746e+18	165.989
98.65000000000001	1.388573484798746e+18	165.989
98.675	1.388573484798746e+18	165.989
98.7	1.388573484798746e+18	165.989
98.72499999999999	1.388573484798746e+18	165.989
98.75	1.388573484798746e+18	165.989
98.77500000000001	1.388573484798746e+18	165.989
98.8	1.388573484798746e+18	165.989
98.825	1.388573484798746e+18	165.989
98.84999999999999	1.388573484798747e+18	165.989
98.875	1.388573484798746e+18	165.989
98.90000000000001	1.388573484798746e+18	165.989
98.925	1.388573484798746e+18	165.989
98.95	1.388573484798746e+18	165.989
98.97499999999999	1.388573484798746e+18	165.989
99	1.388573484798746e+18	165.989
99.02500000000001	1.388573484798746e+18	165.989
99.05	1.388573484798746e+18	165.989
99.075	1.388573484798746e+18	165.989
99.09999999999999	1.388573484798746e+18	165.989
99.125	1.388573484798746e+18	165.989
99.15000000000001	1.388573484798746e+18	165.989
99.175	1.388573484798746e+18	165.989
99.2	1.388573484798746e+18	165.989
99.22499999999999	1.388573484798746e+18	165.989
99.25	1.388573484798745e+18	165.989
99.27500000000001	1.388573484798746e+18	165.989
99.3	1.388573484798746e+18	165.989
99.325	1.388573484798746e+18	165.989
99.34999999999999	1.388573484798746e+18	165.989
99.375	1.388573484798746e+18	165.989
99.40000000000001	1.388573484798746e+18	165.989
99.425	1.388573484798746e+18	165.989
99.45	1.388573484798746e+18	165.989
99.47499999999999	1.388573484798746e+18	165.989
99.5	1.388573484798746e+18	165.989
99.52500000000001	1.388573484798746e+18	165.989
99.55	1.388573484798746e+18	165.989
99.575	1.388573484798746e+18	165.989
99.59999999999999	1.388573484798746e+18	165.989
99.625	1.388573484798746e+18	165.989
99.65000000000001	1.388573484798747e+18	165.989
99.675	1.388573484798746e+18	165.989
99.7	1.388573484798746e+18	165.989
99.72499999999999	1.388573484798746e+18	165.989
99.75	1.388573484798746e+18	165.989
99.77500000000001	1.388573484798746e+18	165.989
99.8	1.388573484798747e+18	165.989
99.825	1.388573484798746e+18	165.989
99.84999999999999	1.388573484798746e+18	165.989
99.875	1.388573484798745e+18	165.989
99.90000000000001	1.388573484798746e+18	165.989
99.925	1.388573484798746e+18	165.989
99.95	1.388573484798746e+18	165.989
99.97499999999999	1.388573484798746e+18	165.989
100	1.388573484798747e+18	165.989
100.025	1.388573484798747e+18	165.989
100.05	1.388573484798746e+18	165.989
100.075	1.388573484798746e+18	165.989
100.1	1.388573484798746e+18	165.989
100.125	1.388573484798747e+18	165.989
100.15	1.388573484798747e+18	165.989
100.175	1.388573484798746e+18	165.989
100.2	1.388573484798747e+18	165.989
100.225	1.388573484798747e+18	165.989
100.25	1.388573484798746e+18	165.989
100.275	1.388573484798747e+18	165.989
100.3	1.388573484798747e+18	165.989
100.325	1.388573484798747e+18	165.989
100.35	1.388573484798747e+18	165.989
100.375	1.388573484798746e+18	165.989
100.4	1.388573484798747e+18	165.989
100.425	1.388573484798747e+18	165.989
100.45	1.388573484798747e+18	165.989
100.475	1.388573484798747e+18	165.989
100.5	1.388573484798747e+18	165.989
100.525	1.388573484798747e+18	165.989
100.55	1.388573484798747e+18	165.989
100.575	1.388573484798747e+18	165.989
100.6	1.388573484798748e+18	165.989
100.625	1.388573484798748e+18	165.989
100.65	1.388573484798748e+18	165.989
100.675	1.388573484798748e+18	165.989
100.7	1.388573484798748e+18	165.989
100.725	1.388573484798748e+18	165.989
100.75	1.388573484798748e+18	165.989
100.775	1.388573484798748e+18	165.989
100.8	1.388573484798748e+18	165.989
100.825	1.388573484798748e+18	165.989
100.85	1.388573484798749e+18	165.989
100.875	1.388573484798748e+18	165.989
100.9	1.388573484798748e+18	165.989
100.925	1.388573484798749e+18	165.989
100.95	1.388573484798748e+18	165.989
100.975	1.388573484798749e+18	165.989
101	1.388573484798748e+18	165.989
101.025	1.388573484798749e+18	165.989
101.05	1.388573484798749e+18	165.989
101.075	1.38857348479875e+18	165.989
101.1	1.388573484798749e+18	165.989
101.125	1.38857348479875e+18	165.989
101.15	1.38857348479875e+18	165.989
101.175	1.38857348479875e+18	165.989
101.2	1.388573484798749e+18	165.989
101.225	1.388573484798749e+18	165.989
101.25	1.38857348479875e+18	165.989
101.275	1.38857348479875e+18	165.989
101.3	1.38857348479875e+18	165.989
101.325	1.388573484798749e+18	165.989
101.35	1.38857348479875e+18	165.989
101.375	1.38857348479875e+18	165.989
101.4	1.38857348479875e+18	165.989
101.425	1.38857348479875e+18	165.989
101.45	1.388573484798751e+18	165.989
101.475	1.38857348479875e+18	165.989
101.5	1.38857348479875e+18	165.989
101.525	1.388573484798751e+18	165.989
101.55	1.388573484798751e+18	165.989
101.575	1.388573484798751e+18	165.989
101.6	1.388573484798752e+18	165.989
101.625	1.388573484798752e+18	165.989
101.65	1.388573484798752e+18	165.989
101.675	1.388573484798752e+18	165.989
101.7	1.388573484798752e+18	165.989
101.725	1.388573484798753e+18	165.989
101.75	1.388573484798752e+18	165.989
101.775	1.388573484798752e+18	165.989
101.8	1.388573484798753e+18	165.989
101.825	1.388573484798753e+18	165.989
101.85	1.388573484798753e+18	165.989
101.875	1.388573484798753e+18	165.989
101.9	1.388573484798753e+18	165.989
101.925	1.388573484798753e+18	165.989
101.95	1.388573484798753e+18	165.989
101.975	1.388573484798753e+18	165.989
102	1.388573484798754e+18	165.989
